Workbook

Sheet ابدأ هنا
A1: عدة التحرر من الديون
B3: مرحباً بك! | C3: هذه العدة تحوّل ديونك من همّ غامض إلى خطة واضحة بتاريخ نهاية محدد. اتبع الخطوات الأربع بالترتيب.
B5: الخطوة 1 — ورقة «الديون» | C5: سجّل كل دين: المبلغ المتبقي، الفائدة السنوية، والقسط الأدنى. الخلايا الصفراء هي أماكن الكتابة.
B6: الخطوة 2 — ورقة «خطة السداد» | C6: حدّد الدفعة الشهرية الإضافية التي تستطيعها. سيُحسب تاريخ تحررك وإجمالي الفوائد تلقائياً.
B7: الخطوة 3 — ورقة «الميزانية الشهرية» | C7: خطط دخلك ومصروفاتك الشهرية حتى تعرف من أين تأتي الدفعة الإضافية.
B8: الخطوة 4 — ورقة «لوحة المتابعة» | C8: سجّل ما سددته فعلياً كل شهر وشاهد شريط الإنجاز يمتلئ.
B10: دليل الألوان
B11: خلية صفراء بخط أزرق | C11: مدخلات — عدّلها بحرّية
B12: خط أسود | C12: معادلة تلقائية — لا تعدّلها
B13: خط أخضر | C13: قيمة مرتبطة بورقة أخرى — لا تعدّلها
B15: ملاحظة منهجية | C15: جدول السداد يستخدم متوسط الفائدة المرجّح لديونك مجتمعة (نموذج تقريبي موثّق في ورقة الخطة). للحصول على جدول دقيق لكل دين على حدة بطريقة كرة الثلج أو الانهيار الجليدي، استخدم الحاسبة المجانية المرافقة للعدة.

Sheet الديون
A1: سجل الديون
A3: سجّل كل ديونك هنا — الخلايا الصفراء فقط. الأعمدة الأخرى تُحسب تلقائياً.
A4: اسم الدين | B4: المبلغ المتبقي | C4: الفائدة السنوية % | D4: القسط الأدنى | E4: الفائدة الشهرية | F4: ترتيب كرة الثلج | G4: ترتيب الانهيار الجليدي
A5: بطاقة ائتمانية (مثال) | B5: 15000 | C5: 0.24 | D5: 500 | E5: =IF($B5="","",$B5*$C5/12) -> 300 | F5: =IF($B5="","",COUNTIF($B$5:$B$14,"<"&$B5)+1) -> 1 | G5: =IF($B5="","",COUNTIF($C$5:$C$14,">"&$C5)+1) -> 1
A6: قرض شخصي (مثال) | B6: 80000 | C6: 0.06 | D6: 1800 | E6: =IF($B6="","",$B6*$C6/12) -> 400 | F6: =IF($B6="","",COUNTIF($B$5:$B$14,"<"&$B6)+1) -> 3 | G6: =IF($B6="","",COUNTIF($C$5:$C$14,">"&$C6)+1) -> 2
A7: دين عائلي (مثال) | B7: 20000 | C7: 0 | D7: 400 | E7: =IF($B7="","",$B7*$C7/12) -> 0 | F7: =IF($B7="","",COUNTIF($B$5:$B$14,"<"&$B7)+1) -> 2 | G7: =IF($B7="","",COUNTIF($C$5:$C$14,">"&$C7)+1) -> 3
E8: =IF($B8="","",$B8*$C8/12) | F8: =IF($B8="","",COUNTIF($B$5:$B$14,"<"&$B8)+1) | G8: =IF($B8="","",COUNTIF($C$5:$C$14,">"&$C8)+1)
E9: =IF($B9="","",$B9*$C9/12) | F9: =IF($B9="","",COUNTIF($B$5:$B$14,"<"&$B9)+1) | G9: =IF($B9="","",COUNTIF($C$5:$C$14,">"&$C9)+1)
E10: =IF($B10="","",$B10*$C10/12) | F10: =IF($B10="","",COUNTIF($B$5:$B$14,"<"&$B10)+1) | G10: =IF($B10="","",COUNTIF($C$5:$C$14,">"&$C10)+1)
E11: =IF($B11="","",$B11*$C11/12) | F11: =IF($B11="","",COUNTIF($B$5:$B$14,"<"&$B11)+1) | G11: =IF($B11="","",COUNTIF($C$5:$C$14,">"&$C11)+1)
E12: =IF($B12="","",$B12*$C12/12) | F12: =IF($B12="","",COUNTIF($B$5:$B$14,"<"&$B12)+1) | G12: =IF($B12="","",COUNTIF($C$5:$C$14,">"&$C12)+1)
E13: =IF($B13="","",$B13*$C13/12) | F13: =IF($B13="","",COUNTIF($B$5:$B$14,"<"&$B13)+1) | G13: =IF($B13="","",COUNTIF($C$5:$C$14,">"&$C13)+1)
E14: =IF($B14="","",$B14*$C14/12) | F14: =IF($B14="","",COUNTIF($B$5:$B$14,"<"&$B14)+1) | G14: =IF($B14="","",COUNTIF($C$5:$C$14,">"&$C14)+1)
A15: الإجمالي | B15: =SUM(B5:B14) -> 115000 | D15: =SUM(D5:D14) -> 2700 | E15: =SUM(E5:E14) -> 700
A17: كرة الثلج: ابدأ بالترتيب 1 في عمود «كرة الثلج» (الأصغر مبلغاً) لانتصارات سريعة · الانهيار الجليدي: ابدأ بالترتيب 1 في عموده (الفائدة الأعلى) لأكبر توفير. الأمثلة الثلاثة أعلاه استرشادية — استبدلها بديونك.

Sheet خطة السداد
A1: خطة السداد
A2: إجمالي الديون | B2: =الديون!B15 -> 115000 | C2: =IF(AND(B2>0,B5<=B2*B7),"⚠ الدفعة لا تغطي الفوائد — ارفع الدفعة الإضافية","")
A3: مجموع الأقساط الدنيا | B3: =الديون!D15 -> 2700
A4: الدفعة الشهرية الإضافية ⬅ عدّلها | B4: 1000 | D4: النموذج تقريبي: يعامل الديون ككتلة واحدة بمتوسط فائدة مرجّح ثابت. الجدول الأيسر يقارن بسيناريو «الحد الأدنى فقط» (بدون الدفعة الإضافية).
A5: الدفعة الشهرية الكلية | B5: =B3+B4 -> 3700
A6: متوسط الفائدة السنوية المرجّح | B6: =IFERROR(SUMPRODUCT(الديون!B5:B14,الديون!C5:C14)/B2,0) -> 0.073043478
A7: الفائدة الشهرية | B7: =B6/12 -> 0.0060869565
A8: أشهر حتى التحرر | B8: =IF(B2=0,0,IFERROR(MATCH(0,E12:E131,0),"أكثر من 120")) -> 35
A9: تاريخ التحرر المتوقع | B9: =IF(ISNUMBER(B8),EDATE(TODAY(),B8),"—") -> 47287
A10: إجمالي الفوائد المتوقعة | B10: =SUM(C12:C131) -> 12870.481 | G10: سيناريو الحد الأدنى فقط (للمقارنة)
A11: الشهر | B11: الرصيد أول الشهر | C11: الفائدة | D11: الدفعة | E11: الرصيد آخر الشهر | G11: الرصيد أول الشهر | H11: الفائدة | I11: الدفعة | J11: الرصيد آخر الشهر
A12: 1 | B12: =B2 -> 115000 | C12: =B12*$B$7 -> 700 | D12: =MIN(B12+C12,$B$5) -> 3700 | E12: =MAX(0,B12+C12-D12) -> 112000 | G12: =B2 -> 115000 | H12: =G12*$B$7 -> 700 | I12: =MIN(G12+H12,$B$3) -> 2700 | J12: =MAX(0,G12+H12-I12) -> 113000
A13: 2 | B13: =E12 -> 112000 | C13: =B13*$B$7 -> 681.73913 | D13: =MIN(B13+C13,$B$5) -> 3700 | E13: =MAX(0,B13+C13-D13) -> 108981.74 | G13: =J12 -> 113000 | H13: =G13*$B$7 -> 687.82609 | I13: =MIN(G13+H13,$B$3) -> 2700 | J13: =MAX(0,G13+H13-I13) -> 110987.83
A14: 3 | B14: =E13 -> 108981.74 | C14: =B14*$B$7 -> 663.36711 | D14: =MIN(B14+C14,$B$5) -> 3700 | E14: =MAX(0,B14+C14-D14) -> 105945.11 | G14: =J13 -> 110987.83 | H14: =G14*$B$7 -> 675.57807 | I14: =MIN(G14+H14,$B$3) -> 2700 | J14: =MAX(0,G14+H14-I14) -> 108963.4
A15: 4 | B15: =E14 -> 105945.11 | C15: =B15*$B$7 -> 644.88326 | D15: =MIN(B15+C15,$B$5) -> 3700 | E15: =MAX(0,B15+C15-D15) -> 102889.99 | G15: =J14 -> 108963.4 | H15: =G15*$B$7 -> 663.2555 | I15: =MIN(G15+H15,$B$3) -> 2700 | J15: =MAX(0,G15+H15-I15) -> 106926.66
A16: 5 | B16: =E15 -> 102889.99 | C16: =B16*$B$7 -> 626.28689 | D16: =MIN(B16+C16,$B$5) -> 3700 | E16: =MAX(0,B16+C16-D16) -> 99816.276 | G16: =J15 -> 106926.66 | H16: =G16*$B$7 -> 650.85793 | I16: =MIN(G16+H16,$B$3) -> 2700 | J16: =MAX(0,G16+H16-I16) -> 104877.52
A17: 6 | B17: =E16 -> 99816.276 | C17: =B17*$B$7 -> 607.57733 | D17: =MIN(B17+C17,$B$5) -> 3700 | E17: =MAX(0,B17+C17-D17) -> 96723.854 | G17: =J16 -> 104877.52 | H17: =G17*$B$7 -> 638.38489 | I17: =MIN(G17+H17,$B$3) -> 2700 | J17: =MAX(0,G17+H17-I17) -> 102815.9
A18: 7 | B18: =E17 -> 96723.854 | C18: =B18*$B$7 -> 588.75389 | D18: =MIN(B18+C18,$B$5) -> 3700 | E18: =MAX(0,B18+C18-D18) -> 93612.608 | G18: =J17 -> 102815.9 | H18: =G18*$B$7 -> 625.83593 | I18: =MIN(G18+H18,$B$3) -> 2700 | J18: =MAX(0,G18+H18-I18) -> 100741.74
A19: 8 | B19: =E18 -> 93612.608 | C19: =B19*$B$7 -> 569.81587 | D19: =MIN(B19+C19,$B$5) -> 3700 | E19: =MAX(0,B19+C19-D19) -> 90482.423 | G19: =J18 -> 100741.74 | H19: =G19*$B$7 -> 613.21058 | I19: =MIN(G19+H19,$B$3) -> 2700 | J19: =MAX(0,G19+H19-I19) -> 98654.949
A20: 9 | B20: =E19 -> 90482.423 | C20: =B20*$B$7 -> 550.76258 | D20: =MIN(B20+C20,$B$5) -> 3700 | E20: =MAX(0,B20+C20-D20) -> 87333.186 | G20: =J19 -> 98654.949 | H20: =G20*$B$7 -> 600.50839 | I20: =MIN(G20+H20,$B$3) -> 2700 | J20: =MAX(0,G20+H20-I20) -> 96555.457
A21: 10 | B21: =E20 -> 87333.186 | C21: =B21*$B$7 -> 531.59331 | D21: =MIN(B21+C21,$B$5) -> 3700 | E21: =MAX(0,B21+C21-D21) -> 84164.779 | G21: =J20 -> 96555.457 | H21: =G21*$B$7 -> 587.72887 | I21: =MIN(G21+H21,$B$3) -> 2700 | J21: =MAX(0,G21+H21-I21) -> 94443.186
A22: 11 | B22: =E21 -> 84164.779 | C22: =B22*$B$7 -> 512.30735 | D22: =MIN(B22+C22,$B$5) -> 3700 | E22: =MAX(0,B22+C22-D22) -> 80977.087 | G22: =J21 -> 94443.186 | H22: =G22*$B$7 -> 574.87157 | I22: =MIN(G22+H22,$B$3) -> 2700 | J22: =MAX(0,G22+H22-I22) -> 92318.058
A23: 12 | B23: =E22 -> 80977.087 | C23: =B23*$B$7 -> 492.90401 | D23: =MIN(B23+C23,$B$5) -> 3700 | E23: =MAX(0,B23+C23-D23) -> 77769.991 | G23: =J22 -> 92318.058 | H23: =G23*$B$7 -> 561.936 | I23: =MIN(G23+H23,$B$3) -> 2700 | J23: =MAX(0,G23+H23-I23) -> 90179.994
A24: 13 | B24: =E23 -> 77769.991 | C24: =B24*$B$7 -> 473.38255 | D24: =MIN(B24+C24,$B$5) -> 3700 | E24: =MAX(0,B24+C24-D24) -> 74543.373 | G24: =J23 -> 90179.994 | H24: =G24*$B$7 -> 548.9217 | I24: =MIN(G24+H24,$B$3) -> 2700 | J24: =MAX(0,G24+H24-I24) -> 88028.916
... A131: 120 | B131: =E130 -> 0 | C131: =B131*$B$7 -> 0 | D131: =MIN(B131+C131,$B$5) -> 0 | E131: =MAX(0,B131+C131-D131) -> 0 | G131: =J130 -> 0 | H131: =G131*$B$7 -> 0 | I131: =MIN(G131+H131,$B$3) -> 0 | J131: =MAX(0,G131+H131-I131) -> 0

Sheet الميزانية الشهرية
A1: الميزانية الشهرية
A3: البند | B3: المخطط | C3: الفعلي | D3: الفرق
A4: الدخل
A5: الراتب الأساسي (مثال) | B5: 18000 | D5: =IF(C5="","",B5-C5)
A6: دخل إضافي | D6: =IF(C6="","",B6-C6)
A7: إجمالي الدخل | B7: =SUM(B5:B6) -> 18000 | C7: =SUM(C5:C6) -> 0
A9: الأساسيات
A10: السكن / الإيجار | B10: 4000 | D10: =IF(C10="","",B10-C10)
A11: الفواتير والخدمات | B11: 800 | D11: =IF(C11="","",B11-C11)
A12: الغذاء | B12: 2000 | D12: =IF(C12="","",B12-C12)
A13: المواصلات والوقود | B13: 700 | D13: =IF(C13="","",B13-C13)
A14: الاتصالات | B14: 200 | D14: =IF(C14="","",B14-C14)
A15: أخرى أساسية | B15: 300 | D15: =IF(C15="","",B15-C15)
A16: إجمالي الأساسيات | B16: =SUM(B10:B15) -> 8000 | C16: =SUM(C10:C15) -> 0
A18: الكماليات
A19: مطاعم وقهوة | B19: 600 | D19: =IF(C19="","",B19-C19)
A20: ترفيه | B20: 300 | D20: =IF(C20="","",B20-C20)
A21: تسوق | B21: 400 | D21: =IF(C21="","",B21-C21)
A22: اشتراكات | B22: 100 | D22: =IF(C22="","",B22-C22)
A23: إجمالي الكماليات | B23: =SUM(B19:B22) -> 1400 | C23: =SUM(C19:C22) -> 0
A25: الالتزامات المالية
A26: الأقساط الدنيا للديون | B26: ='خطة السداد'!B3 -> 2700 | D26: =IF(C26="","",B26-C26)
A27: الدفعة الإضافية (هجوم على الدين) | B27: ='خطة السداد'!B4 -> 1000 | D27: =IF(C27="","",B27-C27)
A28: ادخار للطوارئ | B28: 500 | D28: =IF(C28="","",B28-C28)
A29: إجمالي الالتزامات | B29: =SUM(B26:B28) -> 4200 | C29: =SUM(C26:C28) -> 0
A31: المتبقي بعد كل المصروفات | B31: =B7-B16-B23-B29 -> 4400 | C31: =IF(C7=0,"",C7-C16-C23-C29)
A33: نسبة الأساسيات من الدخل | B33: =IFERROR(B16/B7,0) -> 0.44444444 | C33: الهدف الإرشادي ≈ 50%
A34: نسبة الكماليات من الدخل | B34: =IFERROR(B23/B7,0) -> 0.077777778 | C34: أثناء سداد الديون حاول ألا تتجاوز 15–20%
A35: نسبة الالتزامات المالية من الدخل | B35: =IFERROR(B29/B7,0) -> 0.23333333 | C35: كل ريال إضافي هنا يقرّب تاريخ حريتك
A37: الأرقام المخططة أعلاه أمثلة استرشادية لدخل 18,000 ر.س — عدّلها لتناسب وضعك.

Sheet لوحة المتابعة
A1: لوحة المتابعة
A3: إجمالي الديون | C3: الدفعة الشهرية الكلية | E3: أشهر حتى التحرر
A4: =الديون!B15 -> 115000 | C4: ='خطة السداد'!B5 -> 3700 | E4: ='خطة السداد'!B8 -> 35
A6: تاريخ التحرر المتوقع | C6: إجمالي الفوائد المتوقعة | E6: الفوائد الموفَّرة مقارنة بالحد الأدنى
A7: ='خطة السداد'!B9 -> 47287 | C7: ='خطة السداد'!B10 -> 12870.481 | E7: =MAX(0,SUM('خطة السداد'!H12:H131)-SUM('خطة السداد'!C12:C131)) -> 5654.1035
A10: سجل السداد الفعلي — عبّئ عموديّ الشهر والمبلغ كل شهر
A11: الشهر (مثال: 2026/08) | B11: المبلغ المسدَّد | C11: التراكمي | D11: المتبقي من الدين | E11: نسبة الإنجاز
C12: =IF(B12="","",SUM($B$12:B12)) | D12: =IF(B12="","",MAX(0,الديون!$B$15-C12)) | E12: =IF(B12="","",MIN(1,C12/الديون!$B$15))
C13: =IF(B13="","",SUM($B$12:B13)) | D13: =IF(B13="","",MAX(0,الديون!$B$15-C13)) | E13: =IF(B13="","",MIN(1,C13/الديون!$B$15))
C14: =IF(B14="","",SUM($B$12:B14)) | D14: =IF(B14="","",MAX(0,الديون!$B$15-C14)) | E14: =IF(B14="","",MIN(1,C14/الديون!$B$15))
C15: =IF(B15="","",SUM($B$12:B15)) | D15: =IF(B15="","",MAX(0,الديون!$B$15-C15)) | E15: =IF(B15="","",MIN(1,C15/الديون!$B$15))
C16: =IF(B16="","",SUM($B$12:B16)) | D16: =IF(B16="","",MAX(0,الديون!$B$15-C16)) | E16: =IF(B16="","",MIN(1,C16/الديون!$B$15))
C17: =IF(B17="","",SUM($B$12:B17)) | D17: =IF(B17="","",MAX(0,الديون!$B$15-C17)) | E17: =IF(B17="","",MIN(1,C17/الديون!$B$15))
C18: =IF(B18="","",SUM($B$12:B18)) | D18: =IF(B18="","",MAX(0,الديون!$B$15-C18)) | E18: =IF(B18="","",MIN(1,C18/الديون!$B$15))
C19: =IF(B19="","",SUM($B$12:B19)) | D19: =IF(B19="","",MAX(0,الديون!$B$15-C19)) | E19: =IF(B19="","",MIN(1,C19/الديون!$B$15))
C20: =IF(B20="","",SUM($B$12:B20)) | D20: =IF(B20="","",MAX(0,الديون!$B$15-C20)) | E20: =IF(B20="","",MIN(1,C20/الديون!$B$15))
C21: =IF(B21="","",SUM($B$12:B21)) | D21: =IF(B21="","",MAX(0,الديون!$B$15-C21)) | E21: =IF(B21="","",MIN(1,C21/الديون!$B$15))
C22: =IF(B22="","",SUM($B$12:B22)) | D22: =IF(B22="","",MAX(0,الديون!$B$15-C22)) | E22: =IF(B22="","",MIN(1,C22/الديون!$B$15))
C23: =IF(B23="","",SUM($B$12:B23)) | D23: =IF(B23="","",MAX(0,الديون!$B$15-C23)) | E23: =IF(B23="","",MIN(1,C23/الديون!$B$15))
... C35: =IF(B35="","",SUM($B$12:B35)) | D35: =IF(B35="","",MAX(0,الديون!$B$15-C35)) | E35: =IF(B35="","",MIN(1,C35/الديون!$B$15))
A37: ملاحظة: «المتبقي من الدين» يفترض أن إجمالي ورقة الديون ثابت كما أدخلته أول مرة — حدّث ورقة الديون كل عدة أشهر لدقة أعلى.
